<Schema name="Angel">
  <Cube name="ordenes" visible="true" cache="true" enabled="true">
    <Table name="orderfact">
    </Table>
    <Dimension type="TimeDimension" visible="true" foreignKey="TIME_ID" name="dim_time" description="Dimension de tiempo">
      <Hierarchy name="time" visible="true" hasAll="true" primaryKey="TIME_ID">
        <Table name="dim_time" alias="">
        </Table>
        <Level name="Years" visible="true" column="YEAR_ID" type="Integer" uniqueMembers="true" levelType="TimeYears" hideMemberIf="Never">
        </Level>
        <Level name="Quarters" visible="true" column="QTR_NAME" ordinalColumn="QTR_ID" type="String" uniqueMembers="false" levelType="TimeQuarters" hideMemberIf="Never">
        </Level>
        <Level name="Months" visible="true" column="MONTH_NAME" ordinalColumn="MONTH_ID" type="String" uniqueMembers="false" levelType="TimeMonths">
        </Level>
      </Hierarchy>
    </Dimension>
    <Dimension type="StandardDimension" visible="true" foreignKey="PRODUCTCODE" name="dim_products">
      <Hierarchy name="products" visible="true" hasAll="true">
        <Table name="products" alias="">
        </Table>
        <Level name="Line" visible="true" table="products" column="PRODUCTLINE" type="String" uniqueMembers="false" levelType="Regular" hideMemberIf="Never">
        </Level>
        <Level name="Vendor" visible="true" table="products" column="PRODUCTVENDOR" type="String" uniqueMembers="false" levelType="Regular" hideMemberIf="Never">
        </Level>
        <Level name="Product" visible="true" table="products" column="PRODUCTNAME" type="String" uniqueMembers="false" levelType="Regular" hideMemberIf="Never">
        </Level>
      </Hierarchy>
    </Dimension>
    <Dimension type="StandardDimension" visible="true" foreignKey="CUSTOMERNUMBER" name="dim_customers">
      <Hierarchy name="Customers" visible="true" hasAll="true" primaryKey="CUSTOMERNUMBER">
        <Table name="customers" alias="">
        </Table>
        <Level name="New Level 0" visible="true" column="CUSTOMERNAME" type="String" uniqueMembers="true" levelType="Regular">
        </Level>
      </Hierarchy>
    </Dimension>
    <Dimension type="StandardDimension" visible="true" foreignKey="CUSTOMERNUMBER" name="dim_geography">
      <Hierarchy name="New Hierarchy 0" visible="true" hasAll="true">
        <Table name="customers" alias="">
        </Table>
        <Level name="Country" visible="true" column="COUNTRY" type="String" uniqueMembers="true" levelType="Regular">
        </Level>
        <Level name="State" visible="true" column="STATE" type="String" uniqueMembers="true" levelType="Regular">
        </Level>
        <Level name="City" visible="true" column="CITY" type="String" uniqueMembers="true" levelType="Regular" hideMemberIf="Never">
        </Level>
      </Hierarchy>
    </Dimension>
    <Measure name="Sales" column="TOTALPRICE" formatString="#,###" aggregator="sum" visible="true">
    </Measure>
    <Measure name="Quantity" column="QUANTITYORDERED" formatString="#,###" aggregator="sum" visible="true">
    </Measure>
    <Measure name="num_orders" column="ORDERNUMBER" aggregator="distinct-count" visible="true">
    </Measure>
  </Cube>
</Schema>
